Volume	Issue	Year	Title	Subcategory	Author(s)	
20	36	2003	Пора осознать серьезность этой проблемы!	Оставим насилие вместе		
			Новая инициатива Международной амнистии	Оставим насилие вместе		Лора Гриффин (интервью)
			"Белая лента" в Алтайском крае	Оставим насилие вместе	Максим Костенко, Светлана Саклакова	
			Подарить свою энергию женщинам	Оставим насилие вместе		Ева Энслер
			В паутине жестокости	Оставим насилие вместе	Дебора Сонтаг	
			Сексизм non stop?	Язык вражды		Алина Ильина, Ольга Липовская
			Язык вражды в российских СМИ: гендерное измерение	Язык вражды	Алла Денисова	
			Бурла Хатун в зеркале азербайджанской независимости	Язык вражды	Мила Фараджуллаева	
			Гендерные стереотипы в белорусской печати	Язык вражды	Наталья Кулинка	
			Детство. Отрочество. Фотография...	Светотень	Умида Ахмедова	
4	16	1997	"Диалог: поле для трансформации"	Теория	Валтрауд Айланд	
			Абсолютная посвященность делу	Женщина и бизнес	Колетт Шульман	
			Путь к директорскому креслу	Женщина и бизнес	Колетт Шульман	
			Верить в успех	Женщина и бизнес	Ида Шмерц	
			Автономное плавание	Женщина и бизнес	Валентина Казакова	
			Исцеление цветом	Женщина и бизнес	Надежда Ажгихина	
			Настроена ли Европа против торговли женщинами	Проблема	Светлана Купряшкина	
			Феминистский дискурс достиг высоты Жигулевского утеса	Практика	Ольга Воронина	
			Обретение силы женщинами – поиск истинной демократии среди праха патриархальной риторики	Практика	Одри МакЛолин	
			Сила слова	Культура		
			Один день ну очень среднестатической женщины или Откуда берутся стрессы?	Мелочи жизни	Елена Черкасова	
24	40	2003	Демократия минус женщина	Политика		
			Дестабилизация политических предписаний полу	Политика	Елена Кочкина, Михаил Кириченко, Наталья Степанова	
			Мир станет настолько прекрасен, насколько может быть...	Политика	Татьяна Федяева	
			О женском политическом полу – сознательном	Политика	Любовь Штылева	
			Очарованье старых вымыслов или о гендерных стереотипах в политике	Политика	Татьяна Попова	
			Женщин в мужчинах-политиках интересует...	Политика	Тамара Овнатанян	
			И милость к падшим призывать...	Практика	Татьяна Степанова	
			Толкователи женских судеб	СМИ	Мария Петроченкова	
			Глянцевые журналы для женщин: между "бархатным феминизмом" и "жестким гламуром"?	СМИ	Любовь Горяева	
			Женская тематика в СМИ Таджикистана	СМИ	Холема Хушкадамова	
25	41	2004	Размышления	Предварительные итоги	Колетт Шульман	
			Поверх барьеров	Предварительные итоги	Надежда Ажгихина	
			Мысли под юбилейные фанфары	Предварительные итоги	Ольга Липовская	
			Гендерное десятилетие: критический опыт осмысления	Предварительные итоги	Наталья В. Иванова	
			Важно не останавливаться на достигнутом	Политика		Светлана Айвазова (интервью)
			Политика – женское дело!	Политика	Ия Мерквиладзе	
			Революция Роз	Политика	Галина Петриашвили	
			Создается новое информационное пространство Евразии	Политика	Светлана Ризаева	
			Школьные корни гендерного неравенства российской политики	Политика	Любовь Штылева	
			"Мы пытаемся строить мир в душах людей..."	Практика	Тамара Овнатанян с лидерами Армении (интервью)	
			Наперекор нищете и нужде	Практика	Халима Хушкадамова	
			Стихи разных лет	Творчество	Александра Смит	
			Старые сказки на новый лад или гендерные аспекты мифологии	Творчество	Татьяна Попова	
23	39	2003	Родительство в современной Америке (выдержки из отчета)	Семья в зеркале перемен		
			Американская мечта	Семья в зеркале перемен	Татьяна Федяева	
			Неженатый папа	Семья в зеркале перемен	Светлана Пономарева	
			Птица Феникс Адриенн Кларксон. Генерал-губернатор Канады и ее супруг – звездная пара нового типа	Семья в зеркале перемен	Надежда Ажгихина	
			Отцовство и повседневность современного мужчины: единство или борьба?	Семья в зеркале перемен	Максим Костенко	
			Резолюция краевой встречи отцов-руководителей общественных объединений, творческих коллективов, клубов	Семья в зеркале перемен		
			Президент конфедерации деловых женщин России о гендерной стратегии РФ и не только о ней (интервью с Лидией Блохиной)	Практика	Алина Ильина, Лидия Блохина	
			Русские женщины на страницах скандинавских газет	Практика	Александра Леонтьева, Карин Сарсенов	
			На российском западе женское большинство живет по законам мужского меньшинства	Практика	Ирина Герциг, Ольга Новосад	
			Влюбленные в небо	История	Валентина Полетаева	
			О российском женском движении: размышления над прочитанным	Книжный шкаф	Надежда Шведова	
22	38	2003	Воспитательный потенциал семьи	Семья в зеркале перемен	Ольга Волжина	
			Положение детей и качество человеческого потенциала России	Чужих детей не бывает	Наталья Римашевская	
			Социализация детей, оставшихся без попечения родителей, на территории Самарской области	Чужих детей не бывает	Т.Н. Штейн, Т.Ю. Климешова	
			План действий неправительственных организаций по профилактике и снижению масштабов детской беспризорности, безнадзорности и социального сиротства	Чужих детей не бывает		
			Арт-терапия – это здорово!	Чужих детей не бывает	Эмили Мерц	
			"Женским инновационным проектам" – 10 лет!	Практика		
			Мы разные, но – равные	Практика	Галина Петриашвили	
			Радиация дискриминации	Практика	Татьяна Федяева	
			Поездка в Америку	Практика	Оксана Иванина	
			(интервью с Мариной Табукашвили)	Практика	Галина Петриашвили	
16	32	2002	Татьяна Ярыгина: "Только баланс между женским и мужским взглядом на мир может обеспечить его гармонию"	Позиция	Ирина Рыльникова	
			Нино Бурджанадзе: "Я открыта для диалога с женским движением"	Позиция	Галина Петриашвили	
			Галина Климантова: "Важно дать оценку предыдущему опыту"	Позиция	Вера Иванова	
			Исповедь районного депутата	Позиция	Татьяна Федяева	
			Уроки Армении: прежде и теперь	Опыт	Джемма Асратян	
			Аналитики и практики	Опыт	Наталья Красавцева	
			Как Вовочка с последней парты	Опыт	Ирина Мардарь	
			Преодолевая стереотипы	Опыт	Наталья Старцева	
			В пространстве любви...	Опыт	Татьяна Степанова	
			Воительницы ЗАТО	Опыт	Александра Федорова	
			Консорциум не сдается	Партнерство	Татьяна Дина	
			И городу, и миру	Партнерство	Марина Дмитриева	
			Иду на выборы!	Между делом	Галина Скороходова	
17	33	2002	Гендерная цензура как элемент культуры	Ситуация	Ольга Липовская	
			Блеск и нищета авиатрисс	Ситуация	Татьяна Федяева	
			В плену архаичных традиций	Ситуация	Марфуа Тохтоходжаева	
			Немного статистики в холодной воде рассуждений	Ситуация	Муяссар Максудова	
			Женские голоса в грузинской культуре	Ситуация	Вера Церетели	
			Вологодские истории	Ситуация	Галина Щекина	
			Чтоб не пропасть по одиночке	Опыт преодоления		Надежда Ажгихина, Ирина Юрна
			Новые кадры решают все	Опыт преодоления	Наталия Скворцова	
			С надеждой в будущее	Опыт преодоления	Венера Мусина	
			"Афина" против стереотипов	Опыт преодоления	Нина Курасова	
			Мурманская ассоциация журналисток: наш опыт на рынке труда	Опыт преодоления	Надежда Хлебникова	
			Гендерное равенство в журналистике	Документы		
			Женщина в редакции	Документы		
19	35	2002	На пути к человеческой безопасности	Главная тема: глобализация	Колетт Шульман	
			За глобализацию прав женщин в процессах развития	Документы		
			"Мы должны убрать эту боль, мы не можем оставить ее детям..."	Практика	Галина Петриашвили	
			Где "Ангара" берет начало	Практика	Ирина Шарова	
			Форум на Байкале	Практика	Ирина Шарова	
			Воспоминания о Дубне	Практика	Ольга Липовская	
			Основные подходы к разработке стратегий гендерного развития России	Инициатива	Татьяна Мельникова	
			Глобализация экономики и передел рынка труда: гендерный аспект	Экономика	Людмила Ржаницына	
			Интернет-знакомства сейчас опасны	Проба пера	Оксана Трухан	
			Кто-то на сером ослике	Проба пера	Екатерина Макаркова	
			Слабый пол	Проба пера	Марина Алёшина	
			Словарь гендерных терминов	Книжный шкаф		
			О сильном и слабом поле	Книжный шкаф	Алина Ильина	
			"Брызги шампанского" в ЦДЖ	Книжный шкаф	Элеонора Ивлева	
15	31	2001	Демократия минус женщины – не демократия	История		Ольга Воронина, Елена Кочкина, Лариса Федорова, Наталья Абубикирова
			Воспоминания о Дубне	История	Колетт Шульман	
			Возможно ли партнерство между женщинами...?	История	Наталья Бабич	
			Вопросы гендерной терминологии и гендерная грамотность	Теория	Алла Денисова, Галина Гришина	
			Женская доля в современной Грузии	Практика: СНГ	Ия Мерквиладзе	
			Женщины Беларуси в зеркале истории	Практика: СНГ	Валентина Ковтун	
			"САБР" против насилия	Практика: СНГ	Мавлюда Ширинова	
			Охота за невестой	Практика: СНГ	Аймура Урустемова	
			"Ну где я буду носить эти красные туфли?.."	Практика: СНГ	Александр Ярков	
			Вторая жена – существо без прав и без голоса	Практика: СНГ	Лидия Исамова	
			А кто такой гендер?	Практика: СНГ	Марина Усолкина	
			Новые амазонки изящной словесности	Культура	Надежда Ажгихина	
			Между Василисой Премудрой и Бабой Ягой: что стоит на пути развития феминистского самосознания в России	Диагноз	Наталья Иванова	
			Как я открыла Россию в 2000 году (путевые заметки и фотографии)	Вкладка	Диана Дэвис	
1	13	1997	Предисловие к новому изданию		Колетт Шульман, Надежда Ажгихина	
			Нам пишут...		Линда Бах, Марион Чамберлен, Мартина Ванденберг, Марина Либоракина, Елена Кочкина, Любовь Штылева	
			Как живут женщины в Америке?	Год после Пекина	Колетт Шульман	
			А кони все скачут и скачут...	Год после Пекина	Надежда Ажгихина	
			Права женщин: реальность и перспективы	Год после Пекина	Надежда Кузнецова	
			"Зазеркалье" гендерных стереотипов	Психология	Елена Мещеркина	
			"Теперь я пишу прозу..."	Стадии женской жизни	Мария Арбатова, Павел Мирошник	
			В поисках нового сценария	Стадии женской жизни	Джил Кер Конуэй	
			Журналистки против стереотипов	Масс-Медиа		
			Женщины-журналистки во всем мире	Масс-Медиа	Анн Лагерстром	
			Норвежская история о том, почему "стеклянный потолок" все еще не пускает женщин на верхние этажи газетной индустрии	Масс-Медиа	Элизабет Висли	
			Женский вопрос и стереотипы в средствах массовой информации	Масс-Медиа	Мег Хогарт	
			За жизнь без войн и насилия	Конференции	Валентина Череватенко	
2	14	1997	Хартия женской солидарности			
			Сандра Айшем Вриланд – свет превыше смерти	СПИД/AIDS	Алида Брилл	
			Беда, от которой никто не застрахован	СПИД/AIDS	Ирина Савельева	
			Из российского опыта	Планирование семьи	Наталья Кигай	
			Последствия антиабортного закона в Польше	Планирование семьи	Ванда Новицка	
			Нет ответственности без свободы Интервью с владыкой Хризостомом	Планирование семьи	Андрей Попов, Алина Жвенклене	
			Когда мужчины будут беременеть	Планирование семьи	Колетт Шульман	
			Образы женщин в прессе Приморья	Масс-Медиа	Светлана Костенко	
			Руководят, как всегда, мужчины	Масс-Медиа	Наталья Чеснокова	
			Мир нашему дому	Масс-Медиа	Нана Ломидзе	
			Защитница традиционных ценностей	Масс-Медиа	Марина Евграшина	
2	18	1998	Опыт США: Шаг за шагом	Гендерное образование	Мариам Чамберлен	
			Воспринимать студенток всерьез	Гендерное образование	Адриенн Рич	
			Новая тема для диссертации	Гендерное образование		Круглый стол
			Женщины за жизнь без войн и насилия	Практика	Галина Скороходова	
			Помогая себе и друг другу: совладание с травмой	Психология	Виктор и Ирина Каган	
			Гендерный аспект в творчестве московских художниц 80–90-х годов	Культура	Анна Альчук	
			Из Карелии с любовью	Журнал в журнале: Карелия	Лариса Бойченко	
			Республика Карелия	Журнал в журнале: Карелия	Наталья Красавцева	
			Нужно поверить в себе	Журнал в журнале: Карелия	Интервью Л.Бойченко	
			"Жизнь прошла как в сказке"	Журнал в журнале: Карелия	Интервью Л.Бойченко	
			Офицерские жены	Журнал в журнале: Карелия	Наталья Красавцева	
			Карелия – Вермонт	Журнал в журнале: Карелия	Валентина Хотеева	
			Дети Солнцевой	Журнал в журнале: Карелия	Юлия Утышева	
			Петрозаводский клуб ищущих работу	Журнал в журнале: Карелия	Антонина Кябелева	
			К Ирине свет Андреевне	Журнал в журнале: Карелия	Наталья Красавцева	
			Русалочка	Журнал в журнале: Карелия	Ольга Голубева	
			Свободный полет	Спорт	Валентина Казакова	
			Радость победы	Спорт	Коллин Маккуилен	
			Мой любимый спорт	Спорт	Хизер Джонс	
			Лошадь в городе	Мелочи жизни	Светлана Бестужева-Лада	
7	23	1999	Гендерный разворот Всемирного банка	Глобальные проблемы	Елена Кочкина	
			Женщины и новая инициатива по снижению долговой зависимости	Глобальные проблемы	Яссин Фолл	
			Игры патриархов	Глобальные проблемы	Генри Холмс, Андрей Синельников	
			Беседа с послом Джин Киркпатрик	Портрет	Николай Злобин	
			Женское движение в Армении. Очерки истории и современность	Журнал в журнале: Республика Армения	Анаит Арутюнян	
			Формирование культуры мира и демократии на пост-коммунистическом пространстве	Журнал в журнале: Республика Армения	Елена Вартанян	
			Армянская женщина в политике: традиции и современность	Журнал в журнале: Республика Армения	Мариетта Саакян	
			Мы от мужественности только страдаем	Журнал в журнале: Республика Армения	Джемма Асратян	
			"Все отдавала всегда, много ли, мало – не знаю"	Журнал в журнале: Республика Армения	Валерия Захарян	
			Роль женщин и женских организаций в становлении демократического, гражданского общества в Армении	Журнал в журнале: Республика Армения	В.Г. Осипов	
			Уроки демократии: послесловие спустя полгода	Журнал в журнале: Республика Армения	Тамара Овнатанян	
			Гендер – "вопль женщин всех времен"	Журнал в журнале: Республика Армения	Софья Бабаян	
			"Армянка не имеет права быть сегодня слабой..."	Журнал в журнале: Республика Армения	Марина Григорян	
			Современные американские журналы для женщин	Книжный шкаф	Барбара Фридман	
4	20	1998	Как растить мальчиков?	Воспитание мальчиков	Колетт Шульман	
			Я менялась вместе с ним	Воспитание мальчиков	Оля Черенцова	
			Матери о сыновьях	Воспитание мальчиков	Колетт Шульман	
			Взгляд со стороны	Воспитание мальчиков	Елена Чакириди	
			Маргарет Сангер: У истоков движения за контроль рождаемости в Соединенных Штатах Америки	Здоровье	О.Б. Осколкова	
			Алекс Сангер: наследник великого дела	Здоровье	Колетт Шульман	
			Женский парламент – сообщество единомышленников	Журнал в журнале: Саратовская губерния	Анна Дунаевская	
			Надя, Надина, Надежда	Журнал в журнале: Саратовская губерния	Анна Дунаевская	
			Библиотечная легенда	Журнал в журнале: Саратовская губерния	Тамара Комиссарова	
			Для детей нужно издавать как для взрослых. Только лучше	Журнал в журнале: Саратовская губерния	Валентина Юрьева	
			Маленькая женщина в "мужском" бизнесе	Журнал в журнале: Саратовская губерния	Валентина Казакова	
			Милицейский погон на женском плече	Журнал в журнале: Саратовская губерния	Валентина Казакова	
			Нет проблем в обществе более незначительных, чем женские	Журнал в журнале: Саратовская губерния	Ирина Макарова	
			Помогая другим (беседа третья)	Психология	Ирина и Виктор Каган	
			Как я выходила замуж по американским рецептам	Мелочи жизни	Наталья Арт	
3	19	1998	Женщины в тюрьме	Женщина и неволя	Колетт Шульман	
			Отверженные	Женщина и неволя	Надежда Ажгихина	
			Открытая тюрьма. Что это такое?	Женщина и неволя	Светлана Свистунова	
			Средь мордовских лесов затерялись...	Женщина и неволя	Татьяна Юрасова	
			Созидающий диалог: свобода быть собой!	Гендерное образование	Зоя Хоткина	
			Конгрессу женщин пять лет, что дальше?	Журнал в журнале: Кольский полуостров	Любовь Штылева	
			Говорят лидеры Конгресса женщин Кольского полуострова	Журнал в журнале: Кольский полуостров		Любовь Штылева, Светлана Паршкова, Ирина Фогт
			Руководить – занятие не для слабонервных	Журнал в журнале: Кольский полуостров	Евгения Зимина	
			"Арматор": дела идут в гору	Журнал в журнале: Кольский полуостров	Надежда Хлебникова	
			Чтобы рос малыш здоровым	Журнал в журнале: Кольский полуостров	Евгения Зимина	
			Экология и самочувствие горожан	Журнал в журнале: Кольский полуостров	Людмила Карху	
			За частоколом побед	Журнал в журнале: Кольский полуостров	Людмила Карху	
			Женщины могут	Журнал в журнале: Кольский полуостров	Людмила Карху	
			Мамочка, любимая...	Журнал в журнале: Кольский полуостров	Евгения Зимина	
			Наедине со стрессом (беседа вторая)	Психология	Виктор и Ирина Каган	
			Женщины на дорогах	Мелочи жизни	Елена Черкасова	
			Пропустите женщин и детей!	Искусство	Ката Поллит	
3	15	1997	Реформа вооруженных сил без участия женщин невозможна	Женщина и армия	Марина Добровольская	
			Моя военная карьера	Женщина и армия	Глория Даффи	
			Это касается и нас: женщины в вооруженных силах США	Женщина и армия	Колетт Шульман	
			Уникальный супруг	Идеальный муж	Синтия Маккей	
			Мы по-прежнему любим друг друга	Идеальный муж	Сьюзан Моргентау	
			Загнанная в угол	Идеальный муж		
			Достоин восхищения	Идеальный муж	Эллен Швамм Бродки	
			На безрыбье и рак рыба	Идеальный муж	Эми Хемпел	
			Сделает ли российская женщина счастливым своего мужа	Идеальная жена	Мария Котовская, Наталья Шалытина, Мария Золотухина	
			Российско-американские браки: притяжение противоположностей	Идеальная жена	Линн Виссон	
			Русский муж – это особая привилегия	Идеальная жена	Надежда Ажгихина	
			Жанна, Джон и девушка из бара	Идеальная жена	Надежда Ажгихина	
			У точности дефиниций или шипы и розы в телепередаче "Я сама"	Полемика	Ольга Линовская	
			Льготы, квоты и гарантии по признаку пола	Проблемы	Елена Кочкина	
			Буклет о власти	Практикум		
13	29	2000	Круги на воде	Литература, гендер, цензура	Мередит Такс	
			Голоса женщин и новый европейский порядок	Литература, гендер, цензура	Надежда Ажгихина	
			Цензура в Югославии: личный опыт	Литература, гендер, цензура	Светлана Слапшак	
			Положение женщин-писательниц в Албании	Литература, гендер, цензура	Диана Чули	
			Цензура в отношении женщин в Италии	Литература, гендер, цензура	Луиза Пассерини и Аннамария Тальявини	
			Женщина как объект и субъект в современной российской литературе	Литература, гендер, цензура	Надежда Ажгихина	
			Радуга женского движения	Журнал в журнале: Челябинская область	Татьяна Калинина	
			История женского движения Челябинской области в областной прессе	Журнал в журнале: Челябинская область	Татьяна Калинина	
			Госпожа удача	Журнал в журнале: Челябинская область	Татьяна Калинина	
			Человек на своем месте	Журнал в журнале: Челябинская область	Татьяна Калинина	
			Дорога длиной в тридцать восемь лет	Журнал в журнале: Челябинская область	Нина Терентьева	
			Беспокойный характер	Журнал в журнале: Челябинская область	Татьяна Еги	
			Послесловие к успеху	Журнал в журнале: Челябинская область	Лариса Луканина	
			О деловых женщинах Миасса	Журнал в журнале: Челябинская область	Татьяна Калинина	
			Вчера, сегодня и всегда	Журнал в журнале: Челябинская область	Татьяна Калинина	
			Мужчины "прозревают" и... начинают помогать	Журнал в журнале: Челябинская область	Ольга Казачкова	
			10 лет "Фемины"	Практика	Надежда Ажгихина	
			В Форосе завершила работу 4-я Международная школа по исследованию жизни женщин	Практика	Надежда Ажгихина	
12	28	2000	Самая мирная революция	Женщины 2000	Надежда Ажгихина	
			Говорят российские участницы	Женщины 2000		Галина Карелова, Екатерина Лахова, Валентина Броневич, Любовь Слиска, Наталья Бережная, Елена Машкова, Флюра Зиятдинова, Ольга Липовская, Людмила Завадская
			Будущее планеты зависит от женщин	Женщины 2000	Кофи Аннан	
			Путь к конференции "Женщина-2000: Пекин + 5"	Женщины 2000		
			Юнифем приходит в страны Восточной Европы	Женщины 2000	Надежда Ажгихина	
			Юнифем: забота о женщинах всего мира	Женщины 2000		
			"Наша работа далека от завершения"	Женщины 2000	Рауль Сингх	
			Не позволить правительствам отступить от своих обязятельств	Женщины 2000	Рауль Сингх	
			"Прогресс женщин мира" объединил художниц всех континентов	Выставка	Нолин Хейзер	
			Новости женского рода	Практика	Надежда Ажгихина	
			Африканки рвутся в бой	Практика	Наталья Крылова, Ирина Рыбалкина	
			Что женщины недополучают от демократии в Центральной и Восточной Европе	Говорит КАРАТ-коалиция	Каталин Медведев	
			Конвенция ООН в действии	Говорит КАРАТ-коалиция	Регина Индшева	
			Региональные рекомендации КАРАТ-коалиции по выполнению пекинской "Платформы действий"	Говорит КАРАТ-коалиция	Бильяна Бийелич	
			Материалы дискуссий сессии подготовительного комитета по проверке выполнения пекинской "Платформы действий"	Говорит КАРАТ-коалиция		Женовева Тишева, Александра Солик, Томка Дилевска, Дина Логин
			Восточная Европа и международные агентства	Говорит КАРАТ-коалиция		Павлина Филипова (интервьюер), Марша Гринберг
			Политическое заявление КАРАТ-коалиции и ряда НПО региона Центральной и Восточной Европы	Документ		
			Уроки музыки. Он и она	Мелочи жизни	Элен Чансиз	
11	27	2000	Я и кино	Юность – пора решений	Брук Уиттерс	
			Просвещение – освобождение	Юность – пора решений	Сьюзен Эндрюс	
			Вовлекать мужчин в борьбу с насилием	Юность – пора решений	София Куломзин	
			Беседа с С.Куломзин	Юность – пора решений	Колетт Шульман	
			Если бы я была мальчиком	Юность – пора решений	Анна Волкова	
			Журналы для девушек – что это такое?	Юность – пора решений	Ольга Терентьева	
			"Девочки просят внимание"	Юность – пора решений	Голоса участниц	
			"Самое значимое увлечение в жизни"	Юность – пора решений		Оля Лучкова, Женя Ваганова, Рубина Закирова, Света Ваганова, Женя Кенарская, Елена Машкова, 
			Молодежь и трудоустройство	Юность – пора решений	Света Машкова	
			Нельзя молчать	Юность – пора решений	Ирина Романенко	
			Серьезный разговор: Молодежь и венерические заболевания	Юность – пора решений	Женя Кенарская	
			Я приду к тебе на помощь	Юность – пора решений	Женя Кенарская	
			Частушки в стиле DOOM-METAL	Юность – пора решений	Екатерина Косурова	
			Проблемы взаимоотношений детей и родителей	Юность – пора решений	Света Ваганова	
			Женщины в СМИ Центральной Азии	Журнал в журнале: Республика Кыргызстан	Аймира Урустемова	
			"Женское движение Кыргызстана: история, традиции и современность"	Журнал в журнале: Республика Кыргызстан	Замира Белекова	
			Гендерное неравенство в СМИ	Журнал в журнале: Республика Кыргызстан	Гульнара Ибраева	
			"Я соскучилась по свету..."	Журнал в журнале: Республика Кыргызстан	Жумадин Кадыров	
			12 дней в Баткене	Журнал в журнале: Республика Кыргызстан	Аймира Урустемова	
			"Я занимаюсь любимым делом..."	Журнал в журнале: Республика Кыргызстан	Антонина Ли	
			Итоги межрегионального фестиваля телепрограмм "Женская тема – 3"	Практика		
9	25	1999	Почему женщины должны идти в политику?	Политика	Надежда Шведова	
			Женщина и религия?	Религии	Наталья Кигай	
			Особенности религиозного сознания современной российской женщины	Религии	Мария Котовская	
			"Образ из чувств моих..."	Религии	Марина Адамович	
			Постфундаменталистский кошмар и российское "бабье царство"	Религии	Ольга Газизова	
			Нужна ли религия современной женщине?	Религии	Татьяна Гусева	
			Как я нашла свой путь домой	Религии	Талиба Джилани	
			Интервью с Джан Убрах	Религии	Колетт Шульман	
			Карин Бурстранд – женщина – пастор из Швеции	Религии	Надежда Хлебникова	
			20 лет тому назад в Ленинграде зародилось женское движение	История	Анна Наталия Малаховская	
			История создания независимого социального женского центра Псковской области	Журнал в журнале: Псковская губерния	Наталья Васильева	
			Размышляя о нашей деревне	Журнал в журнале: Псковская губерния		
			На бедность души подайте	Журнал в журнале: Псковская губерния	Тамара Карнаухова	
			От человека к человеку	Журнал в журнале: Псковская губерния		
				Журнал в журнале: Псковская губерния		
8	24	1999	Обращение женщин к Гаагской мирной конференции "Призыв к миру"	Война		
			Всемирная культурная война	Война	Мередит Такс	
			Религия и феминизм. Материалы круглого стола	Религии		Марсиа Джилспи, Мерилин Френч, Риффат Хассан, Хелен Ла-Келли Хант, Летти Коттин Погребин, Чанг Юнг Кьюнг, Фей Уотлтон, Ката Поллитт, Френсис Кисслинг, Денис Аккерман, Рабби Эти Левин, Терезия Хинга, Хелен Гуорков
			В поисках духовной опоры	Религии	Наталья Мандельбаум	
			Непростые вопросы	Религии	Френсис Кисслинг	
			Шаманизм: путь к исцелению	Религии	Ирина Кортен	
			Каждую весну в Вильнюсе проходит Всемирный день молитвы христианок	Религии	Надежда Ажгихина	
			"Лучше нее Шопена играл только Рихтер"	История	Надежда Ажгихина	
			Женские журналы в России начала XX века	История	Екатерина Скобло	
			Образ женщины-феминистки: монстр или незаурядная личность	Гендерные исследования	Людмила Бондаренко	
			Участие женщин в общественно-политической жизни Республики Карелия	Практика	Л.Д. Бойченко, И.С. Синичкина	
			ЕвроКвилтТур'99	Практика		
			Новости из Узбекистана	Практика		
			Провинциальный взгляд на глобальные проблемы	Мелочи жизни	Юлия Протасова	
